{"batch": 3, "loss": 258451.921875, "_timestamp": 1683024840.4849255, "_runtime": 161.00946950912476, "_step": 3, "_wandb": {"runtime": 186}}