{"epoch": 0, "batch": 30, "loss": 0.4170113801956177, "_timestamp": 1682001178.266287, "_runtime": 2271.4774990081787, "_step": 30, "_wandb": {"runtime": 2323}}