{"epoch": 0, "batch": 12, "loss": 0.7025763988494873, "_timestamp": 1681999917.087806, "_runtime": 1010.299017906189, "_step": 12}