{"epoch": 0, "batch": 2, "loss": 1.1113626956939697, "_timestamp": 1682613032.562581, "_runtime": 255.1715910434723, "_step": 2, "_wandb": {"runtime": 322}}